{
  "id": "default",
  "mainImg": "main.png",
  "name": "Kunikida Hanamaru",
  "gender": "female",
  "color": "yellow-6",
  "age": "15",
  "birthdayScript":
  {
    "sound": "birthday.mp3",
    "message": "appy birthday! I decided to make your birthday present this year a book, zura. I hope you like it!"
  },
  "helloScriptList": [
    {
      "sound": "hello1.mp3",
      "message": "Hello 1"
    },
    {
      "sound": "hello2.mp3",
      "message": "Hello 2"
    }
  ],
  "scheduleScriptList": [
    {
      "sound": "scheduleTest1.mp3",
      "message": "The scheduled @schedule is on"
    },
    {
      "sound": "scheduleTest2.mp3",
      "message": "It's time to do @schedule"
    }
  ],
  "clickScriptList": [
    {
      "sound": "test1.mp3",
      "message": "If there's anything I can do to help, just say the word!"
    },
    {
      "sound": "test2.mp3",
      "message": "Hmm? What am I reading? It's a book about the literary masters of the Meiji era."
    },
    {
      "sound": "test3.mp3",
      "message": "Whattup? Oh, shoot. I mean, hello, did you call me?"
    },
    {
      "sound": "test4.mp3",
      "message": "Ack! Whoa, whoa! Don't touch me like that. You gave me the shivers!"
    },
    {
      "sound": "test5.mp3",
      "message": "Forget about me. Go cheer on the others."
    },
    {
      "sound": "test6.mp3",
      "message": " If you're that interested in what I'm reading, let's hit the library together."
    }
  ]
}
